,ds,y,trajet_trajet_personnel,luminosite_Nuit sans éclairage public ou non allumé,luminosite_Crépuscule ou aube,type_collision_Deux véhicules – par l’arrière,type_collision_Deux véhicules - frontale,nom_dep_Bas_Rhin,nom_dep_Val_d_Oise,nom_dep_Ain,nom_dep_Yonne,region_Provence_Aples_Côte_d_Azur,vitesse_maximale_autorisee_80,heure
1038,2021-11-04,7.0,117.0,22.0,8.0,21.0,50.0,0.0,6.0,0.0,0.0,10.0,38.0,13.5
1039,2021-11-05,7.0,95.0,10.0,11.0,46.0,35.0,0.0,10.0,0.0,0.0,33.0,37.0,15.0
1040,2021-11-06,14.0,260.0,57.0,16.0,72.0,76.0,8.0,6.0,1.0,3.0,58.0,112.0,17.0
1041,2021-11-07,17.0,238.0,49.0,19.0,48.0,54.0,4.0,9.0,7.0,3.0,30.0,72.0,14.0
1042,2021-11-08,6.0,134.0,16.0,6.0,44.0,20.0,2.0,7.0,0.0,0.0,37.0,43.0,15.0
1043,2021-11-09,7.0,239.0,39.0,35.0,66.0,53.0,6.0,0.0,13.0,5.0,42.0,67.0,15.0
1044,2021-11-10,5.0,107.0,14.0,27.0,62.0,26.0,6.0,10.0,6.0,2.0,37.0,26.0,13.0
1045,2021-11-11,9.0,115.0,56.0,19.0,47.0,51.0,4.0,11.0,1.0,0.0,27.0,50.0,15.5
1046,2021-11-12,15.0,190.0,108.0,9.0,51.0,52.0,0.0,5.0,0.0,0.0,39.0,64.0,16.0
1047,2021-11-13,6.0,190.0,63.0,31.0,65.0,48.0,3.0,13.0,11.0,0.0,55.0,63.0,15.0
1048,2021-11-14,8.0,171.0,87.0,27.0,56.0,29.0,1.0,12.0,0.0,0.0,18.0,35.0,16.0
1049,2021-11-15,10.0,113.0,73.0,59.0,53.0,46.0,3.0,7.0,5.0,0.0,27.0,56.0,13.0
1050,2021-11-16,9.0,102.0,49.0,32.0,58.0,19.0,7.0,0.0,4.0,4.0,33.0,40.0,14.0
1051,2021-11-17,6.0,104.0,48.0,49.0,72.0,51.0,0.0,4.0,3.0,2.0,33.0,37.0,14.0
1052,2021-11-18,8.0,111.0,52.0,44.0,62.0,34.0,6.0,8.0,3.0,3.0,43.0,32.0,14.0
1053,2021-11-19,19.0,156.0,84.0,64.0,70.0,61.0,2.0,5.0,4.0,2.0,26.0,46.0,15.0
1054,2021-11-20,12.0,163.0,68.0,4.0,55.0,36.0,5.0,0.0,5.0,1.0,35.0,44.0,14.0
1055,2021-11-21,8.0,136.0,57.0,16.0,42.0,39.0,2.0,8.0,1.0,0.0,24.0,30.0,15.0
1056,2021-11-22,7.0,100.0,49.0,40.0,37.0,46.0,8.0,8.0,6.0,2.0,15.0,34.0,16.0
1057,2021-11-23,4.0,116.0,41.0,20.0,49.0,45.0,4.0,19.0,0.0,3.0,31.0,29.0,14.0
1058,2021-11-24,11.0,132.0,44.0,35.0,37.0,45.0,2.0,8.0,0.0,7.0,40.0,26.0,15.0
1059,2021-11-25,5.0,101.0,51.0,49.0,48.0,40.0,2.0,5.0,4.0,0.0,44.0,29.0,15.0
1060,2021-11-26,17.0,173.0,77.0,37.0,90.0,39.0,2.0,2.0,2.0,4.0,44.0,42.0,16.0
1061,2021-11-27,6.0,176.0,78.0,13.0,45.0,37.0,0.0,5.0,0.0,0.0,31.0,63.0,15.0
1062,2021-11-28,9.0,151.0,75.0,15.0,21.0,38.0,0.0,19.0,2.0,0.0,27.0,53.0,15.0
1063,2021-11-29,7.0,89.0,62.0,28.0,54.0,28.0,9.0,9.0,6.0,0.0,44.0,27.0,13.0
1064,2021-11-30,11.0,101.0,39.0,29.0,44.0,43.0,0.0,8.0,0.0,4.0,39.0,33.0,14.0
1065,2021-12-01,9.0,118.0,39.0,43.0,53.0,31.0,6.0,10.0,0.0,0.0,33.0,26.0,15.0
1066,2021-12-02,3.0,79.0,29.0,18.0,40.0,18.0,3.0,0.0,0.0,2.0,17.0,41.0,15.0
1067,2021-12-03,12.0,90.0,23.0,24.0,46.0,17.0,2.0,4.0,1.0,0.0,41.0,25.0,15.0
1068,2021-12-04,7.0,69.0,3.0,17.0,43.0,16.0,0.0,9.0,2.0,0.0,14.0,24.0,15.0
1069,2021-12-05,4.0,137.0,18.0,15.0,68.0,26.0,2.0,7.0,3.0,0.0,48.0,33.0,15.0
1070,2021-12-06,18.0,283.0,34.0,33.0,64.0,49.0,11.0,10.0,2.0,2.0,46.0,100.0,16.0
1071,2021-12-07,9.0,161.0,28.0,12.0,51.0,36.0,7.0,8.0,1.0,0.0,35.0,60.0,15.0
1072,2021-12-08,19.0,162.0,20.0,16.0,59.0,50.0,20.0,1.0,0.0,0.0,52.0,47.0,15.0
1073,2021-12-09,11.0,245.0,43.0,29.0,76.0,69.0,7.0,3.0,1.0,4.0,67.0,76.0,15.0
1074,2021-12-10,5.0,134.0,40.0,47.0,77.0,53.0,2.0,8.0,5.0,0.0,55.0,53.0,13.0
1075,2021-12-11,8.0,160.0,51.0,27.0,25.0,51.0,2.0,1.0,6.0,0.0,26.0,71.0,16.0
1076,2021-12-12,12.0,133.0,67.0,14.0,29.0,39.0,9.0,2.0,3.0,0.0,23.0,32.0,14.0
1077,2021-12-13,9.0,148.0,60.0,48.0,60.0,35.0,3.0,8.0,6.0,0.0,22.0,55.0,13.0
1078,2021-12-14,6.0,98.0,29.0,62.0,44.0,23.0,2.0,9.0,2.0,0.0,22.0,19.0,16.0
1079,2021-12-15,6.0,112.0,72.0,37.0,43.0,38.0,6.0,2.0,6.0,2.0,28.0,52.0,16.0
1080,2021-12-16,13.0,109.0,47.0,35.0,41.0,19.0,9.0,3.0,0.0,0.0,38.0,35.0,14.0
1081,2021-12-17,10.0,173.0,82.0,31.0,41.0,69.0,2.0,3.0,7.0,0.0,49.0,74.0,15.0
1082,2021-12-18,15.0,197.0,67.0,23.0,83.0,36.0,12.0,5.0,0.0,2.0,17.0,32.0,14.5
1083,2021-12-19,13.0,173.0,91.0,14.0,57.0,61.0,0.0,8.0,6.0,0.0,32.0,48.0,14.0
1084,2021-12-20,11.0,94.0,52.0,32.0,19.0,30.0,0.0,6.0,0.0,3.0,45.0,44.0,14.0
1085,2021-12-21,8.0,115.0,55.0,29.0,67.0,49.0,7.0,1.0,1.0,0.0,31.0,43.0,13.0
1086,2021-12-22,10.0,111.0,46.0,32.0,63.0,48.0,3.0,1.0,0.0,0.0,49.0,57.0,15.0
1087,2021-12-23,16.0,135.0,37.0,41.0,35.0,43.0,0.0,9.0,7.0,0.0,13.0,56.0,15.0
1088,2021-12-24,15.0,120.0,38.0,24.0,17.0,30.0,6.0,5.0,6.0,0.0,17.0,40.0,14.0
1089,2021-12-25,14.0,139.0,55.0,7.0,30.0,35.0,3.0,5.0,1.0,0.0,25.0,30.0,13.0
1090,2021-12-26,9.0,132.0,53.0,12.0,46.0,14.0,5.0,11.0,0.0,0.0,17.0,28.0,16.0
1091,2021-12-27,9.0,115.0,39.0,11.0,27.0,13.0,0.0,10.0,1.0,0.0,23.0,29.0,14.0
1092,2021-12-28,7.0,106.0,66.0,16.0,32.0,29.0,4.0,8.0,12.0,0.0,16.0,30.0,15.0
1093,2021-12-29,8.0,94.0,28.0,35.0,38.0,27.0,0.0,5.0,3.0,0.0,12.0,18.0,15.0
1094,2021-12-30,11.0,130.0,47.0,21.0,41.0,33.0,0.0,5.0,4.0,0.0,30.0,65.0,16.0
1095,2021-12-31,9.0,138.0,47.0,21.0,46.0,20.0,0.0,12.0,0.0,2.0,16.0,40.0,16.0
1096,2022-01-01,,141.5,56.5,13.5,22.5,34.0,2.0,4.0,2.0,3.5,13.5,44.5,11.0
1097,2022-01-02,,109.5,50.5,21.0,37.0,48.5,7.5,9.5,2.0,1.0,30.0,48.5,13.0
1098,2022-01-03,,95.0,30.0,18.0,54.5,26.5,1.5,6.5,2.5,1.0,32.5,46.5,14.5
1099,2022-01-04,,115.0,13.5,13.0,50.0,30.0,8.0,4.0,1.0,1.5,38.0,41.0,14.0
1100,2022-01-05,,158.5,17.0,17.5,26.5,38.5,4.0,6.5,0.5,1.0,38.5,54.0,15.0
1101,2022-01-06,,200.5,23.0,28.5,82.0,44.5,6.5,7.0,3.0,0.5,39.5,81.5,14.5
1102,2022-01-07,,174.5,15.5,18.0,62.5,47.0,1.0,6.5,1.0,2.0,37.5,59.0,14.0
1103,2022-01-08,,174.5,41.0,20.5,50.0,41.0,3.0,6.0,1.0,1.5,31.0,63.0,15.5
1104,2022-01-09,,165.0,38.5,19.5,46.5,48.5,5.0,8.5,1.5,0.0,27.0,67.0,14.0
1105,2022-01-10,,143.5,41.0,25.5,69.5,33.0,5.0,13.0,3.0,2.0,36.0,43.5,15.0
1106,2022-01-11,,163.5,67.0,32.5,46.0,42.0,2.0,5.5,5.5,4.0,29.0,53.0,13.5
1107,2022-01-12,,140.0,66.5,29.0,51.5,37.0,3.0,10.5,4.0,1.0,34.0,35.0,13.5
1108,2022-01-13,,114.0,71.0,17.0,42.5,27.0,2.5,3.0,2.0,3.0,40.0,51.0,15.0
1109,2022-01-14,,98.0,41.0,26.0,36.5,25.5,4.5,5.0,0.0,1.0,36.5,33.0,14.5
1110,2022-01-15,,122.5,49.0,31.0,49.0,35.0,0.0,6.0,3.5,5.0,25.5,46.5,14.5
1111,2022-01-16,,117.0,22.5,35.0,38.5,22.0,5.0,2.5,1.5,0.0,25.5,24.0,13.0
1112,2022-01-17,,93.5,36.5,21.0,44.5,15.5,1.5,2.5,0.0,0.0,26.0,29.0,14.5
1113,2022-01-18,,136.0,57.0,38.0,43.5,44.5,5.0,6.0,3.0,1.5,50.0,41.0,13.5
1114,2022-01-19,,133.0,45.5,28.5,43.5,36.5,4.5,3.0,4.0,1.5,32.5,41.5,14.5
1115,2022-01-20,,102.5,44.5,17.0,33.0,26.5,0.0,3.5,1.5,1.5,13.5,29.0,14.5
1116,2022-01-21,,90.5,34.5,47.0,44.0,19.5,4.5,10.5,2.0,0.0,22.5,33.5,13.5
1117,2022-01-22,,105.0,36.5,52.5,38.5,35.0,1.0,1.0,0.5,0.0,28.5,35.0,13.0
1118,2022-01-23,,114.5,29.5,24.5,28.0,30.0,0.0,3.0,2.0,3.0,32.5,40.5,14.0
1119,2022-01-24,,131.0,32.5,36.5,31.0,43.5,1.0,4.5,0.0,0.0,29.0,46.0,14.75
1120,2022-01-25,,106.5,36.0,32.5,47.5,44.0,3.0,3.0,1.0,0.0,29.5,33.0,14.0
1121,2022-01-26,,137.0,43.5,29.5,49.5,33.0,3.5,4.0,1.5,0.0,31.0,47.5,13.75
1122,2022-01-27,,103.0,40.0,20.0,33.0,27.5,2.5,6.0,3.5,2.5,32.5,28.0,13.75
1123,2022-01-28,,84.5,35.0,20.5,25.0,34.5,3.5,3.5,3.0,0.0,38.0,39.5,13.0
1124,2022-01-29,,92.5,33.5,28.5,37.5,25.5,5.0,3.5,5.0,1.0,33.0,31.5,13.5
1125,2022-01-30,,124.0,46.0,28.5,30.0,37.5,4.0,4.0,0.0,1.0,24.0,30.0,14.0
1126,2022-01-31,,101.0,25.0,24.5,30.5,20.5,2.5,4.5,2.0,1.0,28.0,38.0,14.0
1127,2022-02-01,,104.0,26.5,15.5,25.0,22.0,3.0,4.5,4.0,1.5,30.5,38.5,15.0
1128,2022-02-02,,113.5,48.0,12.0,29.0,32.0,3.0,5.0,2.5,1.5,25.0,38.0,12.5
1129,2022-02-03,,114.0,20.5,11.0,34.5,29.0,5.0,6.0,2.5,1.0,22.0,34.0,14.5
1130,2022-02-04,,135.5,20.0,16.0,46.0,42.5,3.0,3.0,2.5,2.0,37.5,46.5,15.0
1131,2022-02-05,,116.5,12.5,15.5,27.0,22.0,4.5,3.0,3.0,0.0,27.0,29.0,14.5
1132,2022-02-06,,198.5,18.0,21.5,44.0,59.5,5.0,10.5,2.5,3.0,41.5,66.5,14.25
1133,2022-02-07,,176.5,14.0,13.5,64.0,54.5,9.5,5.5,4.0,4.0,36.0,79.0,14.5
1134,2022-02-08,,189.5,27.5,11.5,55.0,53.5,7.0,4.0,5.5,0.0,51.0,77.0,14.5
1135,2022-02-09,,135.0,17.5,15.5,50.5,44.0,2.5,9.5,3.0,0.0,25.5,57.0,14.5
1136,2022-02-10,,185.0,47.0,27.5,59.5,54.5,4.5,10.5,1.5,0.0,43.5,56.5,15.0
1137,2022-02-11,,166.0,64.0,21.5,48.0,40.0,3.5,7.0,1.0,1.0,32.5,54.5,14.0
1138,2022-02-12,,117.5,64.5,42.0,58.5,41.5,4.5,5.0,6.0,1.0,32.0,33.5,14.5
1139,2022-02-13,,124.5,32.5,6.0,36.0,28.0,3.5,4.0,6.0,0.0,25.5,51.5,14.5
1140,2022-02-14,,111.5,26.0,14.0,40.0,32.5,4.5,3.0,3.5,1.0,20.0,40.5,15.0
1141,2022-02-15,,146.5,41.0,31.0,39.0,29.0,6.5,4.0,3.5,2.5,29.5,46.5,13.5
1142,2022-02-16,,162.5,59.5,28.5,51.0,30.5,1.0,4.0,1.0,1.0,40.0,48.0,14.5
1143,2022-02-17,,147.5,27.0,29.5,33.5,28.5,0.0,1.0,1.5,3.0,30.0,47.0,14.5
1144,2022-02-18,,101.5,18.5,10.5,44.5,21.0,1.5,6.5,0.0,0.0,30.0,43.5,14.0
1145,2022-02-19,,100.5,23.5,22.0,44.0,20.5,4.5,6.0,1.0,1.0,30.0,44.5,14.5
1146,2022-02-20,,133.0,27.5,24.0,43.5,34.0,7.0,3.5,5.5,0.0,31.0,53.0,14.5
1147,2022-02-21,,137.0,30.5,18.0,34.5,33.0,3.5,3.0,3.0,1.5,28.0,59.0,14.5
1148,2022-02-22,,120.0,23.5,24.5,41.0,26.5,1.5,5.0,3.0,2.5,22.0,42.5,14.5
1149,2022-02-23,,163.5,29.5,21.0,44.5,46.0,4.0,2.0,2.5,0.0,23.5,42.5,15.0
1150,2022-02-24,,134.0,24.0,12.5,44.0,25.0,10.0,2.0,0.0,0.0,26.5,50.0,14.5
1151,2022-02-25,,116.5,21.5,19.5,44.5,33.0,5.0,5.0,0.5,1.0,46.0,37.0,14.0
1152,2022-02-26,,129.5,22.5,26.0,60.5,27.0,5.0,12.5,4.0,0.0,32.5,37.0,13.5
1153,2022-02-27,,168.0,36.5,26.0,48.0,32.0,9.5,3.0,1.5,2.5,38.0,48.0,15.5
1154,2022-02-28,,136.0,19.5,20.0,35.5,27.5,6.5,1.5,1.0,1.0,17.0,41.5,14.0
1155,2022-03-01,,105.0,48.0,10.0,28.5,17.5,3.0,1.0,2.5,0.0,21.0,24.5,15.0
1156,2022-03-02,,112.0,41.0,30.0,50.0,24.5,6.0,0.0,0.0,0.0,21.5,35.5,13.5
1157,2022-03-03,,118.5,19.5,24.0,26.0,19.5,4.5,6.0,3.0,0.0,24.5,30.0,14.0
1158,2022-03-04,,150.5,9.5,13.5,52.0,44.5,5.5,0.0,1.5,6.0,29.5,48.5,14.5
1159,2022-03-05,,126.0,10.5,13.5,60.5,27.5,8.0,7.0,0.5,3.0,34.0,36.0,14.0
1160,2022-03-06,,116.5,17.0,20.5,47.0,28.5,3.0,8.0,1.0,2.5,36.5,48.0,14.0
1161,2022-03-07,,225.0,29.5,27.0,67.5,54.5,5.5,14.0,8.0,0.0,47.0,64.5,15.0
1162,2022-03-08,,165.0,23.0,22.5,55.0,38.0,4.0,2.0,2.0,2.5,39.5,52.5,14.0
1163,2022-03-09,,152.0,27.0,24.0,63.5,58.0,3.0,7.5,1.0,1.5,31.0,63.5,14.5
1164,2022-03-10,,117.5,43.0,14.5,43.0,36.5,4.0,4.5,2.0,0.5,44.5,41.0,13.75
1165,2022-03-11,,149.5,67.5,34.5,60.0,33.0,2.5,8.0,6.0,2.0,17.0,46.5,15.0
1166,2022-03-12,,148.5,70.5,47.5,70.0,48.0,6.0,11.5,3.5,1.0,46.0,50.5,14.5
1167,2022-03-13,,132.0,14.5,14.0,43.5,17.5,3.5,5.5,4.0,0.0,38.0,37.5,14.0
1168,2022-03-14,,121.0,19.5,17.0,45.0,28.5,1.0,1.0,1.5,1.5,30.0,29.5,15.0
1169,2022-03-15,,112.0,28.0,17.5,38.0,46.0,2.0,3.5,4.5,1.0,37.5,41.0,14.0
1170,2022-03-16,,138.5,28.5,26.0,41.5,27.0,1.0,4.0,3.5,1.0,46.5,48.5,15.5
1171,2022-03-17,,136.5,41.5,19.0,35.0,39.5,2.0,4.5,5.0,1.0,30.0,39.0,15.0
1172,2022-03-18,,77.5,16.0,8.5,43.0,22.5,2.0,3.5,3.0,0.0,38.0,29.0,13.5
1173,2022-03-19,,94.0,23.0,11.5,48.5,40.0,6.0,4.0,2.5,0.0,33.5,37.5,13.0
1174,2022-03-20,,129.0,14.0,19.0,48.0,28.0,5.0,2.5,4.0,0.5,34.5,40.0,14.0
1175,2022-03-21,,119.5,24.0,15.0,42.0,24.5,3.0,1.5,0.0,0.0,34.5,36.0,14.75
1176,2022-03-22,,143.5,28.5,17.5,52.0,34.5,4.0,7.0,1.0,0.0,32.0,36.0,15.0
1177,2022-03-23,,185.0,41.5,28.5,50.5,53.5,3.0,3.0,4.0,0.0,57.5,60.5,14.5
1178,2022-03-24,,155.0,25.0,16.0,39.0,40.0,5.0,3.0,4.0,0.0,39.5,48.5,14.5
1179,2022-03-25,,111.0,11.0,17.0,39.5,32.5,2.5,1.0,0.0,2.0,33.5,39.0,14.0
1180,2022-03-26,,122.5,17.0,22.0,40.0,33.5,7.5,3.5,3.5,3.5,28.0,37.5,14.5
1181,2022-03-27,,161.0,30.0,15.0,52.5,41.0,9.5,12.0,1.0,0.0,27.0,56.0,14.5
1182,2022-03-28,,143.0,26.5,19.5,43.5,28.0,7.5,5.0,7.5,1.5,40.5,61.5,15.5
1183,2022-03-29,,143.0,29.5,17.5,53.0,39.5,6.5,11.0,0.0,2.5,37.0,41.5,15.5
1184,2022-03-30,,159.0,35.5,14.0,62.5,29.0,3.0,3.5,1.0,0.0,30.0,55.0,14.0
1185,2022-03-31,,214.5,38.0,29.5,58.0,35.0,5.0,0.5,5.5,1.0,26.5,73.0,14.25
1186,2022-04-01,,117.0,55.5,31.0,37.0,35.0,4.5,8.5,1.0,1.0,30.0,30.5,16.5
1187,2022-04-02,,81.0,32.5,32.0,36.0,16.0,1.0,9.0,2.5,1.0,29.5,28.0,13.5
1188,2022-04-03,,84.5,16.0,17.0,48.5,17.5,8.0,2.0,3.0,1.0,24.0,21.0,14.0
1189,2022-04-04,,146.5,15.0,12.5,45.5,29.5,6.0,4.5,1.5,0.0,42.0,48.5,14.5
1190,2022-04-05,,127.0,24.5,17.5,32.5,34.0,3.5,4.5,6.5,3.0,30.5,43.5,14.5
1191,2022-04-06,,150.0,13.5,15.5,58.5,47.0,10.5,6.5,4.5,1.0,49.5,52.0,15.0
1192,2022-04-07,,195.5,30.5,22.5,56.0,46.5,5.0,12.5,3.5,2.5,33.0,56.0,14.0
1193,2022-04-08,,160.0,33.5,14.5,40.0,43.0,5.0,0.0,6.0,2.0,32.0,60.5,14.0
1194,2022-04-09,,175.5,31.5,29.0,48.0,39.5,2.5,7.0,1.5,4.0,37.0,56.5,14.5
1195,2022-04-10,,149.0,27.0,17.0,67.0,51.0,4.5,5.5,0.0,3.5,49.5,52.5,13.0
1196,2022-04-11,,118.0,55.0,40.5,54.5,32.5,2.5,5.5,1.5,0.5,31.5,31.5,14.0
1197,2022-04-12,,189.5,96.5,42.5,44.0,65.0,9.0,3.5,1.5,2.0,34.5,64.0,14.0
1198,2022-04-13,,155.5,24.5,24.5,39.5,50.5,7.5,2.5,4.5,0.0,46.5,47.5,14.0
1199,2022-04-14,,145.0,24.5,14.0,42.5,29.5,1.0,6.0,4.5,2.0,24.0,35.0,15.0
1200,2022-04-15,,110.0,14.5,13.5,47.0,30.5,2.0,5.0,6.0,1.0,22.5,26.5,14.0
1201,2022-04-16,,109.5,16.5,15.0,44.0,26.0,6.0,5.0,1.0,1.5,28.0,35.0,15.0
1202,2022-04-17,,123.0,13.0,14.0,38.5,21.5,1.0,3.0,5.0,1.0,27.5,52.5,14.75
1203,2022-04-18,,127.5,15.0,11.5,39.5,43.5,7.0,9.0,1.5,0.0,22.5,44.0,16.0
1204,2022-04-19,,146.0,23.0,17.5,52.5,32.5,6.0,5.0,0.5,3.0,30.5,68.5,15.0
1205,2022-04-20,,184.5,30.0,16.0,36.5,57.0,8.5,6.5,2.0,0.5,42.5,66.0,15.0
1206,2022-04-21,,152.0,21.0,13.5,41.0,21.5,0.0,7.0,0.0,0.5,29.5,38.0,14.5
1207,2022-04-22,,154.0,14.0,12.5,36.0,26.5,1.5,5.0,0.0,0.0,27.5,41.5,15.5
1208,2022-04-23,,138.0,13.0,12.0,38.0,36.0,6.5,3.0,2.0,0.5,35.0,48.5,15.0
1209,2022-04-24,,155.0,24.5,9.0,46.0,23.5,3.5,1.5,3.5,1.5,29.5,58.5,15.0
1210,2022-04-25,,123.0,17.0,9.0,37.0,36.5,1.0,3.0,1.0,1.0,26.0,42.0,15.5
1211,2022-04-26,,127.5,9.5,12.0,48.0,31.0,9.5,4.5,1.5,0.0,30.5,36.0,15.0
1212,2022-04-27,,119.5,22.0,7.0,38.5,28.5,2.0,5.0,4.0,0.0,32.5,46.0,15.0
1213,2022-04-28,,133.0,29.5,14.5,36.5,30.0,5.5,3.5,12.5,2.5,26.5,44.5,12.0
1214,2022-04-29,,98.5,7.5,8.0,50.0,20.5,5.0,7.0,1.0,4.0,28.5,21.5,14.0
1215,2022-04-30,,123.0,9.0,13.5,53.0,25.0,2.5,7.5,7.0,2.0,52.0,30.0,15.0
1216,2022-05-01,,113.5,37.0,37.0,29.0,22.0,4.5,2.5,0.0,2.0,25.0,23.5,14.0
1217,2022-05-02,,98.5,19.5,21.5,42.0,36.5,4.0,2.0,6.0,1.0,35.5,33.5,14.0
1218,2022-05-03,,111.0,25.0,18.5,41.5,33.0,1.5,8.5,3.0,1.0,30.0,37.0,15.0
1219,2022-05-04,,120.5,15.5,10.0,47.5,28.5,3.0,1.0,3.0,1.5,30.5,40.5,15.5
1220,2022-05-05,,127.5,24.0,22.5,37.0,21.5,0.5,6.0,6.0,0.0,22.0,37.0,13.0
1221,2022-05-06,,178.0,16.0,23.5,47.0,52.0,2.5,4.0,0.5,1.0,64.5,60.0,15.0
1222,2022-05-07,,182.0,32.0,21.5,55.0,46.0,4.0,7.0,7.5,6.5,35.0,64.5,14.5
1223,2022-05-08,,141.5,17.0,13.5,59.5,29.0,2.5,1.5,4.0,1.0,45.5,43.0,14.0
1224,2022-05-09,,181.0,34.0,16.5,55.5,38.5,5.5,7.5,3.0,4.0,38.0,58.0,13.5
1225,2022-05-10,,181.0,48.5,29.5,62.0,48.5,6.0,1.5,3.5,2.0,36.0,57.0,14.0
1226,2022-05-11,,145.0,60.5,37.5,55.0,24.5,9.5,7.5,4.5,0.0,44.0,56.5,14.5
1227,2022-05-12,,146.0,73.5,18.0,44.5,34.0,2.0,12.0,1.5,0.0,30.0,42.5,15.0
1228,2022-05-13,,155.0,17.5,20.5,51.5,39.0,1.0,2.0,4.0,0.0,32.0,62.0,15.0
1229,2022-05-14,,130.5,12.5,14.0,61.5,47.5,3.0,8.0,3.0,3.0,28.0,41.5,14.5
1230,2022-05-15,,131.0,11.5,15.0,60.5,38.0,2.5,2.5,0.0,0.0,27.0,44.0,15.0
1231,2022-05-16,,129.5,19.5,14.5,46.0,34.5,3.0,11.5,0.0,0.0,30.5,38.0,14.5
1232,2022-05-17,,121.5,14.0,18.5,56.0,35.5,4.0,3.5,0.0,0.5,27.0,42.0,14.5
1233,2022-05-18,,148.0,16.5,25.0,45.5,41.0,1.5,8.0,1.0,2.5,24.5,47.5,15.0
1234,2022-05-19,,158.5,15.5,16.0,47.5,47.5,7.0,0.5,5.0,2.0,30.5,42.5,15.0
1235,2022-05-20,,124.5,9.5,22.5,60.0,34.0,3.0,6.0,2.0,0.0,31.0,38.5,14.0
1236,2022-05-21,,132.5,12.0,16.0,42.5,40.5,2.5,1.5,4.5,2.0,43.0,46.5,14.0
1237,2022-05-22,,173.5,18.5,22.5,47.5,27.5,6.5,5.5,2.5,0.0,39.5,47.5,15.5
1238,2022-05-23,,178.5,17.0,19.0,44.5,33.5,2.5,1.5,6.0,0.5,40.5,70.0,15.0
1239,2022-05-24,,144.0,12.5,24.0,43.0,29.5,4.5,6.0,5.5,0.0,31.5,50.5,15.5
1240,2022-05-25,,174.5,32.5,21.0,43.0,45.5,2.0,3.5,4.0,7.5,49.0,57.0,14.5
1241,2022-05-26,,182.5,29.5,22.5,60.5,34.5,3.0,9.5,4.5,0.0,38.0,58.0,13.5
1242,2022-05-27,,158.5,14.0,17.0,75.0,30.5,1.0,9.5,2.0,2.0,37.0,44.5,14.5
1243,2022-05-28,,148.0,25.5,19.0,53.0,54.0,4.5,5.5,11.0,0.0,36.5,55.5,15.5
1244,2022-05-29,,208.0,13.0,22.5,54.0,50.0,11.0,5.5,2.0,0.0,49.0,68.5,15.5
1245,2022-05-30,,239.0,19.0,21.5,57.0,55.0,5.0,6.5,13.0,2.5,41.0,89.0,15.0
1246,2022-05-31,,185.5,11.5,14.0,55.5,34.5,1.5,4.0,2.0,1.0,40.5,50.0,15.0
1247,2022-06-01,,106.5,52.0,20.5,33.5,26.0,2.0,4.5,0.0,1.5,23.5,29.0,13.5