,ds,y,trajet_trajet_personnel,luminosite_Nuit sans éclairage public ou non allumé,luminosite_Crépuscule ou aube,type_collision_Deux véhicules – par l’arrière,type_collision_Deux véhicules - frontale,nom_dep_Bas_Rhin,nom_dep_Val_d_Oise,nom_dep_Ain,nom_dep_Yonne,region_Provence_Aples_Côte_d_Azur,vitesse_maximale_autorisee_80,heure
1248,2022-06-02,,116.0,39.0,34.0,39.5,30.5,0.0,2.0,0.5,3.0,25.5,43.0,14.5
1249,2022-06-03,,125.0,26.5,27.0,39.5,24.0,5.0,6.5,2.5,1.0,26.0,40.0,15.0
1250,2022-06-04,,136.5,27.5,18.0,26.5,31.0,2.0,3.5,3.0,1.0,19.0,45.5,14.0
1251,2022-06-05,,108.5,9.5,15.0,49.0,43.0,6.5,7.5,5.0,2.5,45.0,50.5,13.5
1252,2022-06-06,,189.5,19.5,24.5,74.0,43.0,3.5,2.0,6.0,3.0,48.0,72.5,15.0
1253,2022-06-07,,220.0,24.0,32.0,58.5,55.5,5.5,10.0,1.5,0.0,46.5,72.5,15.0
1254,2022-06-08,,153.0,37.0,17.5,62.0,39.0,6.5,2.5,3.5,1.0,51.5,52.5,14.5
1255,2022-06-09,,166.5,12.5,27.5,83.5,33.5,6.5,4.5,5.0,2.0,36.5,57.0,14.5
1256,2022-06-10,,177.5,48.0,36.0,48.5,41.0,3.0,11.0,1.0,2.0,32.0,72.0,14.0
1257,2022-06-11,,141.0,64.0,28.5,59.0,33.5,6.5,4.5,4.0,0.5,38.5,37.5,14.0
1258,2022-06-12,,142.5,78.0,43.0,68.5,47.5,2.5,5.5,5.0,4.0,30.0,52.0,14.25
1259,2022-06-13,,213.5,20.5,30.0,70.5,45.5,8.0,5.5,4.0,2.5,38.5,60.0,15.0
1260,2022-06-14,,173.5,26.0,17.0,49.0,60.0,7.5,7.0,3.0,1.0,48.0,55.5,14.5
1261,2022-06-15,,192.5,20.5,26.5,61.0,53.5,7.0,7.0,2.0,5.5,40.5,66.5,15.5
1262,2022-06-16,,263.5,31.0,19.0,68.0,68.0,4.0,7.0,9.5,3.0,56.0,84.0,15.0
1263,2022-06-17,,149.5,19.5,18.0,55.0,53.0,2.5,2.5,3.0,4.5,37.5,47.5,15.0
1264,2022-06-18,,163.5,21.0,20.5,60.5,54.5,4.5,4.5,1.0,0.0,39.5,47.5,15.5
1265,2022-06-19,,180.0,25.5,12.5,53.5,43.5,4.0,5.0,1.0,2.5,39.0,66.0,15.0
1266,2022-06-20,,161.5,16.0,21.0,51.5,38.0,7.0,9.5,1.5,0.0,37.0,44.0,15.0
1267,2022-06-21,,178.5,18.5,15.0,60.5,47.5,12.0,11.0,0.5,4.5,58.0,53.0,15.5
1268,2022-06-22,,213.0,46.5,35.0,57.5,60.5,8.5,9.5,7.0,0.0,46.0,84.0,13.0
1269,2022-06-23,,171.0,19.0,19.5,56.0,34.5,3.0,3.5,11.0,0.0,42.5,54.5,14.0
1270,2022-06-24,,161.0,23.5,9.5,61.0,49.0,9.0,6.0,2.5,1.0,52.0,55.0,14.0
1271,2022-06-25,,143.0,15.0,21.0,73.0,36.0,4.5,1.5,3.0,3.5,56.0,54.5,15.0
1272,2022-06-26,,214.5,28.5,20.0,71.5,76.5,12.0,3.5,5.5,1.0,41.0,74.5,14.5
1273,2022-06-27,,186.5,23.0,25.5,67.5,44.5,5.0,18.0,2.5,3.0,31.0,81.5,14.5
1274,2022-06-28,,190.5,20.5,15.0,83.0,57.0,4.0,5.0,7.5,1.5,40.0,65.5,14.0
1275,2022-06-29,,200.5,38.5,19.5,60.5,34.5,1.5,6.0,4.5,1.5,44.5,56.0,13.5
1276,2022-06-30,,220.0,28.0,18.0,58.0,62.0,4.0,9.5,8.5,1.5,41.5,68.5,15.0
1277,2022-07-01,,95.5,56.0,20.5,34.0,24.0,4.0,3.5,3.0,0.0,23.5,27.5,15.5
1278,2022-07-02,,118.5,30.5,24.5,40.5,33.5,4.0,6.0,1.5,2.5,31.5,32.0,13.5
1279,2022-07-03,,136.0,21.5,24.0,37.5,26.0,7.0,2.5,3.5,0.5,41.0,44.5,15.0
1280,2022-07-04,,119.0,21.0,22.0,38.0,23.5,1.0,2.0,0.0,0.0,28.0,38.5,14.0
1281,2022-07-05,,148.0,10.5,21.5,64.5,39.5,8.0,5.5,0.0,0.0,31.0,45.5,16.0
1282,2022-07-06,,173.0,18.0,14.0,60.0,44.5,7.0,10.5,1.0,1.0,29.0,57.5,14.5
1283,2022-07-07,,220.0,26.5,30.0,62.0,51.5,1.0,8.5,2.0,1.0,48.5,74.5,15.5
1284,2022-07-08,,175.0,42.0,22.5,44.0,26.0,4.5,4.0,1.0,0.0,31.0,67.5,14.25
1285,2022-07-09,,212.0,27.5,20.0,71.5,68.0,3.5,5.5,2.0,0.0,54.5,73.0,13.0
1286,2022-07-10,,114.5,21.5,23.0,56.5,33.0,3.5,1.0,4.0,0.0,37.5,35.0,14.0
1287,2022-07-11,,140.5,49.0,24.0,52.0,35.5,2.5,7.0,1.5,0.0,47.0,42.5,14.0
1288,2022-07-12,,147.5,80.5,24.5,57.0,36.5,5.5,5.0,3.0,1.0,35.0,46.0,14.5
1289,2022-07-13,,208.0,30.0,20.5,64.5,42.0,2.5,8.5,7.0,2.0,41.5,57.0,14.5
1290,2022-07-14,,217.0,38.0,31.0,59.0,39.5,3.5,5.5,8.5,3.0,53.5,72.0,14.5
1291,2022-07-15,,142.5,24.0,20.5,63.5,42.5,4.5,1.0,3.0,1.0,40.5,60.0,13.5
1292,2022-07-16,,181.5,29.0,14.0,66.5,48.0,4.0,4.0,3.0,4.5,49.0,56.0,15.0
1293,2022-07-17,,226.0,28.5,17.5,57.5,58.0,2.0,3.5,3.5,2.5,77.0,71.0,14.5
1294,2022-07-18,,199.5,35.0,15.0,63.5,55.0,5.5,3.0,7.0,0.0,33.5,71.5,14.0
1295,2022-07-19,,188.0,22.0,15.0,65.5,53.0,2.0,8.0,5.0,0.5,37.5,58.0,15.0
1296,2022-07-20,,213.5,38.0,24.0,73.5,65.0,8.5,7.5,5.5,4.0,44.5,71.0,14.5
1297,2022-07-21,,194.5,45.0,20.0,50.5,59.0,2.0,3.0,3.5,1.5,38.0,91.5,14.5
1298,2022-07-22,,122.5,16.5,20.0,54.5,30.5,2.0,0.0,1.5,0.0,38.5,45.5,14.5
1299,2022-07-23,,166.5,21.5,7.0,60.5,42.5,10.5,1.5,1.0,1.5,33.0,59.5,14.5
1300,2022-07-24,,227.5,55.5,14.5,63.0,49.5,4.5,6.0,2.5,0.0,37.5,84.0,15.0
1301,2022-07-25,,201.5,37.5,20.0,54.5,61.5,6.0,11.5,3.0,1.5,37.5,74.0,15.0
1302,2022-07-26,,152.5,24.0,11.5,57.5,45.5,4.0,3.0,4.0,0.5,42.5,77.0,15.25
1303,2022-07-27,,183.0,30.5,16.5,50.5,39.0,8.5,5.0,0.0,2.0,24.5,65.0,14.5
1304,2022-07-28,,142.0,15.5,16.5,36.0,26.5,1.5,2.0,3.0,0.5,26.5,56.0,15.0
1305,2022-07-29,,170.5,22.0,15.0,51.0,42.0,5.5,1.5,3.0,0.0,40.5,57.0,15.0
1306,2022-07-30,,157.0,25.5,26.0,58.5,58.0,4.5,5.5,5.0,1.0,46.5,65.5,15.0
1307,2022-07-31,,166.5,30.5,17.5,52.5,50.0,8.5,10.0,3.0,1.0,19.5,54.0,14.25
1308,2022-08-01,,110.5,44.5,37.5,49.0,29.5,5.5,4.5,1.0,2.5,30.5,34.0,13.5
1309,2022-08-02,,115.0,38.5,31.5,44.5,27.5,2.0,4.5,1.0,0.0,37.0,40.5,15.0
1310,2022-08-03,,99.5,23.5,15.5,35.5,25.0,4.5,6.0,2.0,0.0,37.5,33.5,14.5
1311,2022-08-04,,103.0,16.5,9.5,42.0,26.5,1.5,4.5,4.5,0.5,24.0,44.5,14.5
1312,2022-08-05,,200.0,28.0,13.5,34.0,40.5,3.0,7.0,3.5,3.0,26.0,63.5,15.0
1313,2022-08-06,,196.5,19.0,12.0,62.5,51.0,8.5,6.5,4.5,2.0,55.5,55.5,15.0
1314,2022-08-07,,136.0,21.5,9.0,71.0,44.5,2.5,8.5,5.0,3.5,32.5,47.0,13.5
1315,2022-08-08,,166.0,23.0,20.0,38.5,44.5,3.0,3.0,4.5,0.0,36.0,63.5,15.0
1316,2022-08-09,,191.0,37.0,30.5,64.5,52.5,4.0,6.0,2.5,1.0,40.5,71.0,14.0
1317,2022-08-10,,144.0,34.5,32.5,59.0,44.0,4.0,6.5,1.0,0.0,35.0,45.0,13.5
1318,2022-08-11,,134.5,59.5,55.5,46.5,33.5,9.5,3.5,2.0,1.0,35.0,52.0,14.0
1319,2022-08-12,,159.5,73.5,32.0,56.5,31.0,1.0,3.0,2.5,3.5,21.5,43.0,14.0
1320,2022-08-13,,190.0,31.0,22.0,46.0,49.0,7.0,1.5,2.0,0.0,52.5,72.0,15.0
1321,2022-08-14,,182.5,20.0,18.0,39.5,44.0,7.5,5.0,0.0,0.0,36.5,76.5,15.5
1322,2022-08-15,,167.5,35.0,13.0,28.0,35.0,2.5,5.0,4.5,1.5,40.5,70.5,14.5
1323,2022-08-16,,154.5,14.0,13.5,45.0,44.0,7.0,3.0,0.0,4.0,42.5,60.5,14.5
1324,2022-08-17,,188.5,53.0,22.5,50.5,29.0,6.0,7.0,3.0,2.5,43.0,53.5,15.0
1325,2022-08-18,,166.5,38.0,19.0,42.0,45.5,4.0,1.0,2.5,2.0,30.0,47.0,14.5
1326,2022-08-19,,131.0,21.0,18.0,40.0,42.0,2.0,1.0,0.0,1.0,39.0,63.0,15.5
1327,2022-08-20,,158.0,32.0,17.5,47.5,66.0,3.0,2.0,2.5,5.0,42.5,66.0,15.5
1328,2022-08-21,,183.5,36.0,9.5,51.5,42.0,2.0,1.0,4.5,0.0,41.0,66.0,15.0
1329,2022-08-22,,182.5,29.5,12.5,37.5,44.5,5.5,9.0,3.5,1.0,24.0,84.5,14.5
1330,2022-08-23,,134.5,26.0,17.5,46.0,45.5,1.5,5.5,3.5,1.0,28.0,71.5,14.5
1331,2022-08-24,,168.0,36.0,11.0,44.0,43.0,7.0,1.0,1.0,0.0,41.5,64.5,14.5
1332,2022-08-25,,200.0,45.0,21.5,63.5,31.5,4.0,4.0,1.0,0.0,37.0,70.5,14.5
1333,2022-08-26,,126.0,28.0,18.0,46.5,33.0,3.5,4.5,2.0,3.0,34.5,43.0,14.0
1334,2022-08-27,,185.0,23.0,19.5,44.5,64.0,4.0,3.0,1.0,0.0,34.5,54.5,14.5
1335,2022-08-28,,195.5,42.5,22.0,53.0,45.5,5.0,6.0,1.0,1.0,44.0,56.5,14.5
1336,2022-08-29,,191.5,31.0,21.5,53.0,35.0,1.0,3.5,3.0,1.5,48.5,69.5,14.0
1337,2022-08-30,,152.5,29.0,19.5,62.0,42.5,4.5,6.0,4.0,0.0,35.0,69.5,15.0
1338,2022-08-31,,227.0,22.5,20.0,61.5,60.0,14.5,9.0,1.0,1.5,49.0,92.0,14.5
1339,2022-09-01,,115.0,44.5,18.5,40.5,31.5,1.0,5.5,4.0,0.0,30.0,42.0,14.5
1340,2022-09-02,,127.0,42.5,22.0,43.5,36.0,5.0,4.0,4.5,1.0,37.5,46.5,13.5
1341,2022-09-03,,123.5,36.0,10.5,39.0,18.5,0.5,3.5,2.5,3.5,26.0,49.0,14.5
1342,2022-09-04,,85.0,6.0,15.0,37.5,27.5,2.5,1.0,3.5,0.5,25.0,35.5,14.5
1343,2022-09-05,,152.0,18.0,11.5,37.5,28.5,2.5,7.0,0.0,0.0,31.0,48.0,14.5
1344,2022-09-06,,235.5,34.0,22.0,62.5,72.5,1.5,10.0,3.0,1.5,43.0,76.0,16.0
1345,2022-09-07,,164.0,21.5,17.0,74.5,55.5,6.0,5.0,5.0,0.0,47.5,54.0,14.5
1346,2022-09-08,,165.5,27.5,13.5,48.5,38.0,4.0,1.0,7.5,2.0,40.5,88.5,14.0
1347,2022-09-09,,109.5,31.0,16.0,54.0,36.0,4.5,3.0,1.5,1.5,33.0,27.5,14.0
1348,2022-09-10,,205.5,56.5,42.0,68.5,59.0,3.5,11.0,4.5,2.0,50.0,63.5,14.0
1349,2022-09-11,,169.0,63.0,38.0,54.5,38.5,6.0,9.5,4.5,2.0,32.0,48.5,13.5
1350,2022-09-12,,129.5,83.0,46.5,81.5,46.0,8.0,6.0,1.5,4.0,29.5,54.5,13.25
1351,2022-09-13,,170.0,17.0,22.5,69.5,60.0,11.0,8.5,1.0,1.0,52.5,76.5,14.0
1352,2022-09-14,,205.5,42.0,31.5,51.0,39.5,3.0,6.5,6.0,3.5,35.0,60.0,14.0
1353,2022-09-15,,211.0,31.5,20.5,59.0,57.5,5.0,5.5,2.0,0.0,50.5,83.0,14.5
1354,2022-09-16,,116.0,23.0,19.0,59.0,39.0,4.0,1.0,2.5,5.5,27.5,37.5,12.0
1355,2022-09-17,,147.5,25.0,32.5,63.5,50.5,8.5,3.5,3.5,0.0,58.0,47.5,15.5
1356,2022-09-18,,206.5,50.5,34.5,60.0,51.5,3.5,3.0,3.5,1.5,36.5,62.0,15.5
1357,2022-09-19,,170.0,36.5,27.5,49.0,39.5,7.0,3.5,4.0,2.0,27.0,53.0,15.0
1358,2022-09-20,,158.5,30.0,29.0,70.5,48.0,4.5,8.5,2.5,2.0,43.5,46.5,14.0
1359,2022-09-21,,175.5,46.5,20.5,54.5,65.0,7.0,3.0,3.0,1.5,25.0,70.0,14.5
1360,2022-09-22,,176.0,35.5,33.5,46.5,58.5,3.5,14.5,3.0,2.0,26.0,39.5,15.0
1361,2022-09-23,,150.0,27.0,34.5,53.5,40.5,6.0,9.0,1.0,6.0,31.5,41.5,14.0
1362,2022-09-24,,137.5,32.0,25.5,51.0,36.0,7.0,2.0,7.0,1.5,32.0,36.5,14.0
1363,2022-09-25,,205.5,58.5,35.0,68.0,45.0,9.0,2.5,2.5,0.5,54.0,74.5,14.0
1364,2022-09-26,,157.5,40.5,17.0,48.0,50.0,0.0,7.5,1.5,2.0,41.0,59.0,14.0
1365,2022-09-27,,140.0,34.0,23.0,42.0,28.0,7.5,2.0,3.0,1.0,33.5,43.5,13.75
1366,2022-09-28,,176.5,42.5,22.5,65.0,45.5,3.5,6.5,5.0,1.5,42.5,56.0,14.5
1367,2022-09-29,,173.5,33.0,24.0,31.5,50.0,5.0,5.5,1.5,0.0,50.5,49.5,14.0
1368,2022-09-30,,137.5,19.5,44.5,82.5,35.5,6.0,6.5,2.0,0.5,60.5,48.5,14.5
1369,2022-10-01,,102.0,31.0,28.0,26.0,38.5,1.0,5.5,0.0,0.0,35.5,30.0,14.5
1370,2022-10-02,,126.5,44.0,21.0,40.0,28.0,3.5,6.0,3.5,6.5,25.5,36.5,13.0
1371,2022-10-03,,140.5,42.0,27.0,48.0,18.0,6.5,9.0,3.0,0.5,27.5,34.5,12.5
1372,2022-10-04,,106.0,26.5,10.5,38.5,21.0,3.0,5.5,1.5,3.5,20.0,33.0,14.0
1373,2022-10-05,,115.0,14.0,11.0,39.5,31.5,2.5,4.5,6.0,0.0,25.5,37.0,14.0
1374,2022-10-06,,173.0,24.0,16.0,49.5,36.0,6.0,12.5,2.5,1.0,46.5,46.5,15.5
1375,2022-10-07,,215.5,36.5,22.5,68.0,54.5,7.5,1.0,2.5,0.5,50.5,72.0,14.5
1376,2022-10-08,,178.5,24.5,19.5,50.0,29.5,5.0,3.0,2.0,2.5,27.5,64.0,14.5
1377,2022-10-09,,131.5,27.5,21.5,60.0,37.0,2.0,4.0,0.0,2.0,47.5,47.5,14.5
1378,2022-10-10,,185.5,50.5,22.0,60.0,54.0,4.5,4.5,0.0,2.0,31.0,57.5,13.75
1379,2022-10-11,,154.0,81.5,26.0,45.0,40.5,4.5,10.5,2.5,2.5,22.5,53.0,14.5
1380,2022-10-12,,137.5,66.0,44.5,60.0,32.5,6.5,10.0,4.0,0.0,20.0,53.5,14.0
1381,2022-10-13,,166.5,55.0,27.5,72.0,41.5,4.0,4.5,4.0,5.0,35.5,77.5,14.0
1382,2022-10-14,,133.5,29.0,29.0,45.0,35.0,4.5,6.5,5.0,2.5,38.0,56.5,14.5
1383,2022-10-15,,146.0,48.0,42.0,57.0,42.0,11.5,2.5,5.5,1.5,28.0,54.5,16.0
1384,2022-10-16,,202.5,51.5,32.5,80.5,57.5,10.5,12.0,2.0,1.0,33.5,59.5,14.5
1385,2022-10-17,,183.0,54.5,34.0,64.5,45.5,2.0,4.0,2.5,0.0,25.0,63.5,15.0
1386,2022-10-18,,136.0,42.0,36.5,57.5,51.0,3.5,5.0,1.0,0.0,42.5,42.0,14.0
1387,2022-10-19,,181.0,45.5,34.0,54.0,44.0,0.0,15.0,1.0,1.0,28.5,50.0,15.0
1388,2022-10-20,,191.5,71.0,23.0,61.0,36.5,4.0,8.5,2.5,2.0,36.5,56.5,13.5
1389,2022-10-21,,115.0,45.5,31.5,46.0,30.5,5.5,4.0,1.0,0.0,18.5,44.0,14.5
1390,2022-10-22,,150.5,56.0,39.5,62.0,52.0,9.0,8.0,2.5,0.5,38.5,52.0,14.0
1391,2022-10-23,,144.5,53.5,24.5,50.0,51.5,3.5,4.0,3.5,3.0,29.0,48.5,14.0
1392,2022-10-24,,187.0,48.0,29.5,60.0,46.5,2.0,6.5,3.0,2.5,24.5,48.5,15.0
1393,2022-10-25,,147.5,37.5,36.0,58.0,41.0,1.5,5.0,1.5,1.0,34.0,64.5,14.5
1394,2022-10-26,,176.5,50.5,23.5,50.0,48.5,9.0,3.0,3.0,1.0,26.5,62.0,15.0
1395,2022-10-27,,173.5,61.0,17.5,63.0,37.0,4.5,8.5,2.5,0.0,36.0,51.5,14.0
1396,2022-10-28,,144.0,38.0,43.0,54.0,39.0,6.5,9.0,3.5,2.0,26.0,64.0,15.0
1397,2022-10-29,,125.5,56.0,21.0,67.0,37.5,4.0,4.0,4.5,0.0,33.5,60.5,15.5
1398,2022-10-30,,155.0,54.5,12.0,50.5,36.5,1.0,12.0,2.5,1.0,27.5,37.0,14.5
1399,2022-10-31,,175.0,77.0,34.0,65.0,37.0,2.0,10.0,1.0,1.0,25.0,58.5,15.0
1400,2022-11-01,,128.5,63.0,25.5,41.0,33.0,4.5,10.0,0.0,1.0,26.0,46.5,14.5
1401,2022-11-02,,77.0,21.5,25.5,52.0,22.0,0.5,4.5,1.5,0.0,28.0,33.5,14.25
1402,2022-11-03,,87.0,17.0,14.5,52.0,19.0,0.0,6.5,1.0,0.0,24.0,27.0,14.5
1403,2022-11-04,,123.5,28.0,16.0,34.0,35.5,3.0,4.5,1.0,0.0,23.0,39.5,14.25
1404,2022-11-05,,147.5,17.0,17.0,43.0,45.5,6.5,6.0,1.5,0.5,35.5,47.0,14.5
1405,2022-11-06,,181.5,30.0,14.0,61.0,58.0,5.0,6.5,0.5,1.5,47.0,68.5,16.5
1406,2022-11-07,,195.0,31.5,21.0,51.5,46.5,2.0,10.5,3.5,1.5,32.5,62.0,13.5
1407,2022-11-08,,162.0,23.0,13.5,35.5,32.5,4.5,3.5,0.0,0.0,46.0,50.0,14.75
1408,2022-11-09,,184.5,35.0,30.0,63.5,52.5,3.0,2.5,7.5,5.0,46.5,67.5,15.0
1409,2022-11-10,,157.0,31.5,35.5,63.5,46.0,14.0,8.5,7.0,1.0,40.5,45.0,13.5
1410,2022-11-11,,117.5,51.5,21.0,34.0,40.5,4.0,8.0,2.5,0.0,18.5,40.0,15.75
1411,2022-11-12,,155.5,96.5,18.0,55.5,35.5,1.0,8.5,5.0,0.0,39.0,51.0,15.5
1412,2022-11-13,,145.5,55.0,26.5,56.5,47.5,7.0,6.5,8.5,0.0,42.0,49.5,14.5
1413,2022-11-14,,135.5,70.5,24.0,52.5,29.5,2.5,10.5,0.0,0.5,18.0,35.5,15.5
1414,2022-11-15,,150.0,77.5,53.0,57.0,51.0,2.5,6.0,3.5,0.0,38.0,47.5,14.0
1415,2022-11-16,,132.5,70.0,20.0,52.0,29.0,5.0,0.0,2.0,2.0,29.0,46.0,14.0
1416,2022-11-17,,112.0,48.0,28.0,49.0,39.5,0.5,4.5,3.5,1.0,31.5,38.0,13.5
1417,2022-11-18,,114.0,53.0,38.5,52.0,34.0,5.5,7.5,3.0,2.5,34.0,29.5,15.0
1418,2022-11-19,,144.5,66.0,48.0,59.5,51.5,3.0,2.5,2.0,1.5,31.0,39.5,15.0
1419,2022-11-20,,126.0,45.0,25.5,41.0,24.5,4.0,0.5,3.5,0.5,25.0,34.0,14.0
1420,2022-11-21,,139.5,56.5,33.5,45.0,36.0,1.0,5.0,3.5,0.0,22.5,41.5,15.0
1421,2022-11-22,,147.5,64.0,39.5,48.5,48.0,10.5,6.5,5.5,1.5,26.5,61.5,16.0
1422,2022-11-23,,142.5,61.0,17.5,49.5,40.5,2.5,10.5,2.0,1.5,28.0,53.5,14.0
1423,2022-11-24,,152.0,73.5,34.5,38.0,40.5,1.0,5.5,1.0,5.0,28.0,46.0,14.5
1424,2022-11-25,,128.5,55.0,42.5,50.0,45.0,5.0,5.0,4.0,1.5,38.5,41.5,14.5
1425,2022-11-26,,122.5,68.0,29.5,63.0,44.5,2.0,5.0,1.0,3.0,36.5,43.5,14.5
1426,2022-11-27,,161.0,65.0,22.5,53.5,32.5,3.5,5.5,1.0,1.0,30.5,47.0,14.0
1427,2022-11-28,,127.0,70.5,20.0,26.5,35.0,1.0,10.5,1.0,0.0,27.5,44.0,15.0
1428,2022-11-29,,131.0,74.5,36.5,56.5,30.5,7.5,7.0,5.5,2.5,48.5,43.0,14.0
1429,2022-11-30,,138.5,53.5,24.0,34.5,45.5,1.0,6.5,2.0,3.5,38.5,32.0,13.5
1430,2022-12-01,,151.5,64.0,27.5,43.0,31.0,3.5,10.5,4.0,1.0,34.0,44.0,15.5
1431,2022-12-02,,102.0,26.5,22.5,48.5,30.0,6.0,3.5,2.5,3.0,26.0,39.0,14.75
1432,2022-12-03,,93.5,28.0,24.5,33.5,25.0,3.0,2.0,1.5,0.0,35.0,26.5,15.5
1433,2022-12-04,,117.0,19.5,19.0,48.5,25.0,1.0,7.0,2.0,2.5,23.5,42.5,14.0
1434,2022-12-05,,183.0,31.5,13.0,53.5,26.5,3.0,6.0,2.5,0.0,42.5,54.5,15.0
1435,2022-12-06,,214.0,25.0,27.5,69.0,41.5,5.5,6.0,1.0,1.0,54.0,66.5,15.5
1436,2022-12-07,,191.5,25.0,15.5,63.5,42.5,9.0,7.5,3.0,1.0,48.0,76.5,15.0
1437,2022-12-08,,141.0,20.5,9.0,54.0,40.5,15.0,0.5,1.0,0.0,38.5,43.0,14.5
1438,2022-12-09,,202.5,34.5,25.0,66.5,48.0,8.0,4.5,0.5,2.0,59.0,61.5,14.5
1439,2022-12-10,,166.5,47.0,27.5,69.0,41.5,3.0,9.0,4.5,1.0,48.5,50.0,13.5
1440,2022-12-11,,139.0,53.5,27.0,41.5,41.0,4.0,2.0,5.5,0.0,26.5,63.5,15.0
1441,2022-12-12,,137.5,81.0,25.5,34.5,45.0,4.5,2.5,3.0,0.0,35.0,39.5,14.0
1442,2022-12-13,,150.5,73.0,49.0,52.5,31.0,6.5,7.5,3.5,3.0,25.5,55.0,13.5
1443,2022-12-14,,153.5,65.5,35.5,48.5,19.5,3.0,9.0,4.5,2.0,36.5,30.0,15.5
1444,2022-12-15,,163.5,86.0,26.0,38.5,36.0,5.5,2.0,4.5,3.0,34.0,51.0,15.0
1445,2022-12-16,,122.0,48.0,44.0,42.0,21.0,9.5,3.5,0.0,0.0,28.5,35.0,13.5
1446,2022-12-17,,143.0,76.5,35.0,38.0,51.0,2.0,4.5,7.0,1.0,36.0,66.5,15.0
1447,2022-12-18,,159.0,65.0,28.0,67.5,31.5,8.5,5.0,0.0,1.0,28.5,34.5,14.75
1448,2022-12-19,,148.0,77.0,18.0,57.0,54.0,1.0,8.0,3.5,1.0,31.5,44.0,14.5
1449,2022-12-20,,157.5,80.5,45.5,40.5,54.0,5.5,8.5,0.0,1.5,44.5,58.0,14.0
1450,2022-12-21,,152.0,62.0,19.5,60.5,42.5,3.5,5.0,1.5,0.0,32.0,48.0,13.0
1451,2022-12-22,,130.0,58.0,21.0,37.5,47.5,4.0,2.5,2.5,1.0,35.0,47.5,15.0
1452,2022-12-23,,165.5,60.5,30.5,51.0,41.0,5.0,10.0,4.5,0.5,26.0,60.0,15.0
1453,2022-12-24,,148.0,54.0,19.0,24.5,41.5,3.0,5.0,6.5,0.0,32.5,47.5,14.5
1454,2022-12-25,,134.5,50.0,11.5,31.5,27.5,1.5,3.0,0.5,1.0,25.0,37.0,14.5
1455,2022-12-26,,131.0,55.0,9.5,39.0,29.5,2.5,10.5,1.5,0.0,20.5,44.0,15.5
1456,2022-12-27,,120.0,52.0,10.5,33.5,16.0,0.0,10.5,0.5,0.0,18.5,35.0,15.0
1457,2022-12-28,,149.5,52.5,20.5,48.0,25.5,2.0,7.5,6.5,1.5,35.5,28.5,14.5
1458,2022-12-29,,129.0,46.0,24.0,25.0,29.5,0.0,3.0,1.5,0.0,19.5,34.5,14.5
1459,2022-12-30,,120.5,39.5,24.5,39.0,24.5,0.0,3.0,4.0,0.0,29.0,55.5,15.0
1460,2022-12-31,,135.0,42.0,21.5,44.0,26.5,2.0,7.0,0.0,1.0,18.5,38.0,15.0